row_num,prospect_full_name,prospect_job_title,prospect_linkedin,prospect_country_name,prospect_company_name,prospect_company_website,prospect_company_linkedin,created_at,business_id,prospect_id
1,Swetabh Pathak,Co-founder & chief technology officer,linkedin.com/in/ACoAAAwuqCEBmJroGGGxKaIPKW8ahgY494iSnUg,united states,Elucidata,elucidata.io,linkedin.com/company/elucidata-corporation,2026-04-19T11:32:12.966Z,28667c0024017830b018a6cd2d037d1c,a6e524d74113508b0a6073b37d2134d5d71d255a
2,Srikant Chellappa,Chief executive officer / co-founder,linkedin.com/in/ACoAAABXSTkB7GTwavusHZnw-5FvjnMAhGUrhkc,united states,Engagedly,engagedly.com,linkedin.com/company/engagedly,2026-04-19T11:32:12.966Z,cbe56d93eea7c4233eb36795cfc0e901,fa2fd77fa094b5a40935f3cd0d8a77f6ee21d807
3,Alex Kroman,Chief product and technology officer,linkedin.com/in/ACoAAAAcDFYBcB61hu36rsvF2VxUaYX06t6W2p0,united states,Assemblyai,assemblyai.com,linkedin.com/company/assemblyai,2026-04-19T11:32:12.966Z,a7171061c233048ace57f519537c5aa9,8a21d27b4112b340c510e400f5321fc2ac10634d
4,Yinglian Xie,Chief executive officer and co-founder,linkedin.com/in/ACoAAAB_3swBPxcl1Q5cTCbxPuO1Xiv7Gy2Gduk,united states,Datavisor,datavisor.com,linkedin.com/company/datavisor,2026-04-19T11:32:12.966Z,0a6f9a84397694e301600b6878a019e1,df1d38e601470ed6e1956e8e9cd2bdaecb78dd65
5,Toni Rosiñol,Co-founder & chief executive officer,linkedin.com/in/ACoAABghAtkB-AFlNv54ofO8sLl6o32ob4ebpwE,united states,Stackai,stack-ai.com,linkedin.com/company/stackai,2026-04-19T11:32:12.966Z,0621d54be6b4b41b10a78297c75130f3,98ba6ec3aecda759d31e6e211dacf11aad635056
6,Rob Macnaughton,President & chief operating officer,linkedin.com/in/ACoAAACICI8BeNcQe1Hbh7K5W0m4rphJTlUAm6A,united states,Skypoint,skypoint.ai,linkedin.com/company/skypoint-ai,2026-04-19T11:32:12.966Z,853afc35b91d2fd4eff888b886fe498a,b5ac6b7dc8a322ee5ddcd78408b3f9e08930dc45
7,Sanjiv Gupta,Founder & chief executive officer,linkedin.com/in/ACoAAAABS6wBUVgnrYy1PEhU7AgMpx5-eQg5FHA,united states,Opsveda,opsveda.com,linkedin.com/company/opsveda,2026-04-19T11:32:12.966Z,d015ada8355df0f133a1995902dd439c,2207f84a4b6cc666505b815026828808996f81de
8,Guillaume Lebedel,Co-founder & chief technology officer,linkedin.com/in/ACoAAArj98IBgfFGwItPJxjFCWW5F2aB2j2rA5E,united kingdom,Stackone,stackone.com,linkedin.com/company/stackonehq,2026-04-19T11:32:12.966Z,56ef49bd9076945ea04f1d24bdb02af6,d5c888e11d9f6ab9dcdc3cf1acda48d7ef42954d
9,Duke Perrucci,Chief executive officer,linkedin.com/in/ACoAAAKnr0sB_22IznQZY24USzCX44Jot4ARY_E,united states,Gurobi optimization,gurobi.com,linkedin.com/company/gurobi-optimization,2026-04-19T11:32:12.966Z,c6a48e6b63dc6d43b4d26f5c4beace04,68112ab44bd4ac8259c1c4bfe6a37bd8316f8549
10,Murali Tirupati,Co-founder & chief executive officer,linkedin.com/in/ACoAAAA_uukBY0Wz_73NhzTLXLIZkcqDrKatmUE,united states,Vaultedge software,vaultedge.com,linkedin.com/company/vaultedge,2026-04-19T11:32:12.966Z,8a68813196e47c70081255b9eedc83ab,6c62b1d4bcf3d4feb443f5857caec70cbafc0a11
11,Justin Walsh,Chief technology officer and co-founder,linkedin.com/in/ACoAAAKk0uwBpwadZfR5fLwFIMUVU9Gk-DcCSsw,united states,Coschedule,coschedule.com,linkedin.com/company/coschedule,2026-04-19T11:32:12.966Z,64845458cde758250d914abfe492fa16,884448fc918b662c7bd6205b90ec3057ffcb6c55
12,Romain Sestier,Co-founder & chief executive officer,linkedin.com/in/ACoAAAaDcvEBX_2_BHqfrZsYzh2721YPYWV7Kys,united kingdom,Stackone,stackone.com,linkedin.com/company/stackonehq,2026-04-19T11:32:12.966Z,56ef49bd9076945ea04f1d24bdb02af6,7c284322c394c24c23c21a90003c78d6abbb1317
13,Hemant Shah,Co-founder & chief executive officer,linkedin.com/in/ACoAAAea-eMB9VEGP50zyuhwl7V3XoyTDYQywwI,united states,Archipelago,onarchipelago.com,linkedin.com/company/onarchipelago,2026-04-19T11:32:12.966Z,8cb1e41d192cce87dc38b0ef6610780c,0f1596c71b202770c64dfaa3fe452bf64d079e62
14,Fang Yu,Co-founder and chief product officer,linkedin.com/in/ACoAAAFuZQgBOh0ohKKiF7r-IDVz50yuKe5K_Mo,united states,Datavisor,datavisor.com,linkedin.com/company/datavisor,2026-04-19T11:32:12.966Z,0a6f9a84397694e301600b6878a019e1,519053539894ca0e9cfa8ffc471004f7d9213e30
15,"Tim Burke, Phd",Cofounder and chief technology officer,linkedin.com/in/ACoAAAVkRuMBVkQxNN3vXVR-oQUt-nyQ1CXIRvA,united states,Arch systems,archsys.io,linkedin.com/company/arch-systems,2026-04-19T11:32:12.966Z,a33fc21e5ee678d0186ad120ecaa76c1,7690f2ac6efad2a9d4c8501b4583944ce37d777e
16,Scott Messick,Co-founder & chief executive officer,linkedin.com/in/ACoAAAAYxEwBjWA9TMq3q-IvoVtMD-OKm6meBUU,united states,Analyst1,analyst1.com,linkedin.com/company/analyst1,2026-04-19T11:32:12.966Z,a539aa1af5acb4fbe1fd2501f61c803d,dfc16ea1060d71ef0d40dab73415d98a4b3191ef
17,Hariprasad Sukumaran,President & chief operating officer,linkedin.com/in/ACoAAASeOfYBJPx5WnxQBqktD3_o7e-YSOE2PzY,united states,Vimana,govimana.com,linkedin.com/company/govimana,2026-04-19T11:32:12.966Z,8c15da28ecfb5dad831174324bea8e52,676a4a6ab81355b7a19c27b98ca8b75617b3fc58
18,Harshit Gogia,"Senior manager, founder's office",linkedin.com/in/ACoAABN-H-EBW-QgKyAQ9VGbZ_QlnC9_MVOWjDY,india,Elucidata,elucidata.io,linkedin.com/company/elucidata-corporation,2026-04-19T11:32:12.966Z,28667c0024017830b018a6cd2d037d1c,1396341a40f67abb0a53951e30af49340f39c4b6
19,Jags Ramnarayan,"Co-founder, chief technology officer",linkedin.com/in/ACoAAABYPNkBNMYjvo74LPDaNCDvXv1ZIlgfchQ,united states,Skysql,skysql.com,linkedin.com/company/skysql,2026-04-19T11:32:12.966Z,f52c6b3264d21f41852a9d15a545a1cb,735ce7286cc44fa2e7c583b277bd37354faa1f85
20,Syam Sunder,Chief executive officer,linkedin.com/in/ACoAAAA0DRoBwdhtjJH_4BOArQzFDBkQ_UEIFTw,india,Vimana,govimana.com,linkedin.com/company/govimana,2026-04-19T11:32:12.966Z,8c15da28ecfb5dad831174324bea8e52,f464d4153448dd4d36fde50eed24e9dc5fa884ec
21,Sajeev Aravindan,Co-founder & chief technology officer,linkedin.com/in/ACoAAAAKo2EBUTRHWZp3gQ2aGXVDUE-g9SEcOvA,india,Vaultedge software,vaultedge.com,linkedin.com/company/vaultedge,2026-04-19T11:32:12.966Z,8a68813196e47c70081255b9eedc83ab,b19be72c06e954703a7249e0abf653a9290480c3
22,Obryan Burnette Ii,Chief executive officer,linkedin.com/in/ACoAAAxoKAYBZU9D21dXPWNdGlOCz6rgKH6FPN4,united states,Headstorm,headstorm.com,linkedin.com/company/headstorm,2026-04-19T11:32:12.966Z,95bb59657ec4204eead2180bdb671f4a,03409cbf964fe7bad3be46ce7d481ddb2a8d30e4
23,Saad Rahman,Chief product officer,linkedin.com/in/ACoAAAQApAYB6MCVVehOmeIzexXBWVslhHVPTcQ,india,Scimax global,scimaxglobal.com,linkedin.com/company/scimaxglobal,2026-04-19T11:32:12.966Z,a5050609e626821855e4333e93f01f1c,7db8135d1bbf588f5d350bc8074ca13402b304b9
24,Jayashankar B.,Founder,linkedin.com/in/ACoAAACA7ekBP4s1eFZ1wnn-pZgaOwyph52UYpU,united states,Engagedly,engagedly.com,linkedin.com/company/engagedly,2026-04-19T11:32:12.966Z,cbe56d93eea7c4233eb36795cfc0e901,891ab9b057f2be026a457a63fee49e6ac3c9e36c
25,Ron Ellis Gaut,"President, cloud services group - skypoint cloud",linkedin.com/in/ACoAAAALS-4B_-zUjmmqwy4O4bSICQBzDpopqJg,united states,Skypoint,skypoint.ai,linkedin.com/company/skypoint-ai,2026-04-19T11:32:12.966Z,853afc35b91d2fd4eff888b886fe498a,4a964ae0031b02e3b8e7e66ffb615585e33b2d24
26,Amit Sharma,Founder,linkedin.com/in/ACoAAABRJf0B_snyFuNv91LDIipmJv9-bJJClyU,united states,Contractken,contractken.com,linkedin.com/company/contractken,2026-04-19T11:32:12.966Z,8e706518f883812f8749161b75e5efb6,ba9bfde64bf041d46d7a2fbd623db636fbec07fa
